animal_name;fourrure épaisse;Troupeau ou groupe;charognard;queue rayée;griffes;desert;sang humain;nocturne;long cou;défenses;cornes;Creux de la main;Petit d un animal;Ville;Comestible en europe;Proche de l eau;Forêt;Jungle;Canindé;Félin;Savane africaine;Poids;Poils;Plumes;Oeufs;Lait;Vole;Aquatique;Predateur;Dents;Colonne vertebrale;Respirer;Venimeux;Nageoires;Queue;Domestique;0_pattes;2_pattes;4_pattes;5_pattes;6_pattes;8_pattes;Mammifères;Oiseaux;Reptile;Poisson;Amphibien;Insecte;Invertébré
Zèbre;0;1;0;1;0;0;0;0;0;0;0;0;0;0;0;0;0;0;0;0;1;1;1;0;0;1;0;0;0;1;1;1;0;0;1;0;0;0;1;0;0;0;1;0;0;0;0;0;0
Agneau;0;1;0;0;0;0;0;0;0;0;0;0;1;0;1;0;0;0;0;0;0;0;1;0;0;0;0;0;0;1;1;1;0;0;1;1;0;0;1;0;0;0;1;0;0;0;0;0;0
Souris;0;1;0;0;0;0;0;0;0;0;0;1;0;1;0;0;0;0;0;0;0;0;1;0;0;1;0;0;0;1;1;1;0;0;1;1;0;0;1;0;0;0;1;0;0;0;0;0;0
Rat;0;0;0;0;0;0;0;0;0;0;0;0;0;1;0;0;0;0;0;0;0;0;1;0;0;1;0;0;0;1;1;1;0;0;1;1;0;0;1;0;0;0;1;0;0;0;0;0;0
Singe;0;1;0;0;0;0;0;0;0;0;0;0;0;0;0;0;0;1;0;0;0;0;1;0;0;1;0;0;0;1;1;1;0;0;1;0;0;0;1;0;0;0;1;0;0;0;0;0;0
Koala;0;0;0;0;0;0;0;0;0;0;0;0;0;0;0;0;0;0;0;0;0;0;1;0;0;1;0;0;0;1;1;1;0;0;0;0;0;0;1;0;0;0;1;0;0;0;0;0;0
Poussin;0;0;0;0;0;0;0;0;0;0;0;1;1;0;0;0;0;0;0;0;0;0;0;1;1;0;0;0;0;0;1;1;0;0;0;1;0;1;0;0;0;0;0;1;0;0;0;0;0
Orque;0;0;0;0;0;0;0;0;0;0;0;0;0;0;0;1;0;0;0;0;0;1;0;0;0;0;0;1;1;1;1;1;0;1;0;0;1;0;0;0;0;0;1;0;0;0;0;0;0
Cheval;0;0;0;0;0;0;0;0;0;0;0;0;0;0;1;0;0;0;0;0;0;1;1;0;0;1;0;0;0;1;1;1;0;0;1;1;0;0;1;0;0;0;1;0;0;0;0;0;0
Lapin;0;0;0;0;0;0;0;0;0;0;0;0;0;0;1;0;1;0;0;0;0;0;1;0;0;1;0;0;0;1;1;1;0;0;1;1;0;0;1;0;0;0;1;0;0;0;0;0;0
Daim;0;0;0;0;0;0;0;0;0;0;1;0;0;0;0;0;1;0;0;0;0;0;1;0;0;1;0;0;0;1;1;1;0;0;1;0;0;0;1;0;0;0;1;0;0;0;0;0;0
Coq;0;0;0;0;0;0;0;0;0;0;0;0;0;0;1;0;0;0;0;0;0;0;0;1;0;0;0;0;0;0;1;1;0;0;0;1;0;1;0;0;0;0;0;1;0;0;0;0;0
Chevreuil;0;1;0;0;0;0;0;0;0;0;0;0;0;0;0;0;1;0;0;0;0;0;1;0;0;1;0;0;0;1;1;1;0;0;1;0;0;0;1;0;0;0;1;0;0;0;0;0;0
Pandas;1;0;0;0;0;0;0;0;0;0;0;0;0;0;0;0;0;0;0;0;0;1;1;0;0;1;0;0;0;1;1;1;0;0;0;0;0;0;1;0;0;0;1;0;0;0;0;0;0
Oursin;0;0;0;0;0;0;0;0;0;0;0;0;0;0;1;1;0;0;0;0;0;0;0;0;0;0;0;1;0;0;0;0;1;0;0;0;1;0;0;0;0;0;0;0;0;0;0;0;1
Mouche;0;0;0;0;0;0;0;0;0;0;0;1;0;1;0;0;0;0;0;0;0;0;0;0;1;0;1;0;0;0;0;0;0;0;0;0;0;0;0;0;1;0;0;0;0;0;0;1;0
Eponges;0;0;0;0;0;0;0;0;0;0;0;0;0;0;0;1;0;0;0;0;0;0;0;0;0;0;0;1;0;0;0;0;0;0;0;0;1;0;0;0;0;0;0;0;0;0;0;0;1
Acariens;0;0;0;0;0;0;0;0;0;0;0;1;0;0;0;0;0;0;0;0;0;0;0;0;1;0;0;0;0;0;0;0;0;0;0;0;0;0;0;0;1;0;0;0;0;0;0;1;0
Coquillage;0;0;0;0;0;0;0;0;0;0;0;1;0;0;0;1;0;0;0;0;0;0;0;0;0;0;0;1;0;0;0;0;0;0;0;0;1;0;0;0;0;0;0;0;0;0;0;0;1
Libellule;0;0;0;0;0;0;0;0;0;0;0;1;0;0;0;1;0;0;0;0;0;0;0;0;1;0;1;0;0;0;0;0;0;0;0;0;0;0;0;0;1;0;0;0;0;0;0;1;0
Cigale;0;0;0;0;0;0;0;0;0;0;0;1;0;0;0;0;1;0;0;0;0;0;0;0;1;0;0;0;0;0;0;0;0;0;0;0;0;0;0;0;1;0;0;0;0;0;0;1;0
Pou;0;0;0;0;0;0;1;0;0;0;0;1;0;1;0;0;0;0;0;0;0;0;0;0;1;0;0;0;0;0;0;0;0;0;0;0;0;0;0;0;1;0;0;0;0;0;0;1;0
Fourmi commune;0;1;0;0;0;0;0;0;0;0;0;1;0;1;0;0;1;0;0;0;0;0;0;0;1;0;0;0;0;0;0;0;0;0;0;0;0;0;0;0;1;0;0;0;0;0;0;1;0
Rhinocéros;0;0;0;0;0;0;0;0;0;0;1;0;0;0;0;0;0;0;0;0;1;1;0;0;0;1;0;0;0;1;1;1;0;0;1;0;0;0;1;0;0;0;1;0;0;0;0;0;0
Tigre;0;0;0;0;1;0;0;0;0;0;0;0;0;0;0;0;0;1;0;1;0;1;1;0;0;1;0;0;1;1;1;1;0;0;1;0;0;0;1;0;0;0;1;0;0;0;0;0;0
Chèvre;0;1;0;0;0;0;0;0;0;0;0;0;0;0;1;0;0;0;0;0;0;0;1;0;0;1;0;0;0;1;1;1;0;0;1;1;0;0;1;0;0;0;1;0;0;0;0;0;0
Vache;0;1;0;0;0;0;0;0;0;0;0;0;0;0;1;0;0;0;0;0;0;1;1;0;0;1;0;0;0;1;1;1;0;0;1;1;0;0;1;0;0;0;1;0;0;0;0;0;0
Serpent;0;0;0;0;0;0;0;0;0;0;0;0;0;0;0;0;1;1;0;0;0;0;0;0;1;0;0;0;1;1;1;1;0;0;1;0;1;0;0;0;0;0;0;0;1;0;0;0;0
Chien;0;0;0;0;0;0;0;0;0;0;0;0;0;1;0;0;0;0;1;0;0;0;1;0;0;1;0;0;1;1;1;1;0;0;1;1;0;0;1;0;0;0;1;0;0;0;0;0;0
Antilope;0;1;0;0;0;0;0;0;0;0;1;0;0;0;0;0;0;0;0;0;1;1;1;0;0;1;0;0;0;1;1;1;0;0;1;0;0;0;1;0;0;0;1;0;0;0;0;0;0
Bar;0;0;0;0;0;0;0;0;0;0;0;0;0;0;0;1;0;0;0;0;0;0;0;0;1;0;0;1;1;1;1;0;0;1;1;0;1;0;0;0;0;0;0;0;0;1;0;0;0
Ours;1;0;0;0;0;0;0;0;0;0;0;0;0;0;0;0;1;0;0;0;0;1;1;0;0;1;0;0;1;1;1;1;0;0;0;0;0;0;1;0;0;0;1;0;0;0;0;0;0
Sanglier;0;0;0;0;0;0;0;0;0;0;0;0;0;0;1;0;1;0;0;0;0;1;1;0;0;1;0;0;1;1;1;1;0;0;1;0;0;0;1;0;0;0;1;0;0;0;0;0;0
Bison;1;1;0;0;0;0;0;0;0;0;1;0;0;0;0;0;0;0;0;0;0;1;1;0;0;1;0;0;0;1;1;1;0;0;1;0;0;0;1;0;0;0;1;0;0;0;0;0;0
Veau;0;1;0;0;0;0;0;0;0;0;0;0;1;0;1;0;0;0;0;0;0;1;1;0;0;0;0;0;0;1;1;1;0;0;1;1;0;0;1;0;0;0;1;0;0;0;0;0;0
Carpe;0;0;0;0;0;0;0;0;0;0;0;0;0;0;1;1;0;0;0;0;0;0;0;0;1;0;0;1;0;1;1;0;0;1;1;1;1;0;0;0;0;0;0;0;0;1;0;0;0
Cochon d inde;0;0;0;0;0;0;0;0;0;0;0;0;0;1;0;0;0;0;0;0;0;0;1;0;0;1;0;0;0;1;1;1;0;0;0;1;0;0;1;0;0;0;1;0;0;0;0;0;0
Guépard;0;0;0;0;1;0;0;0;0;0;0;0;0;0;0;0;0;0;0;1;1;0;1;0;0;1;0;0;1;1;1;1;0;0;1;0;0;0;1;0;0;0;1;0;0;0;0;0;0
Poulet;0;1;0;0;0;0;0;0;0;0;0;0;0;0;1;0;0;0;0;0;0;0;0;1;1;0;1;0;0;0;1;1;0;0;1;1;0;1;0;0;0;0;0;1;0;0;0;0;0
Palourde;0;0;0;0;0;0;0;0;0;0;0;0;0;0;0;1;0;0;0;0;0;0;0;0;1;0;0;0;1;0;0;0;0;0;0;0;1;0;0;0;0;0;0;0;0;0;0;0;1
Crabe;0;0;0;0;0;0;0;0;0;0;0;0;0;0;1;1;0;0;0;0;0;0;0;0;1;0;0;1;1;0;0;0;0;0;0;0;0;0;1;0;0;0;0;0;0;0;0;0;1
Ecrevisse;0;0;0;0;0;0;0;0;0;0;0;1;0;0;1;1;0;0;0;0;0;0;0;0;1;0;0;1;1;0;0;0;0;0;0;0;0;0;0;0;1;0;0;0;0;0;0;0;1
Corbeau;0;0;0;0;0;0;0;0;0;0;0;0;0;1;0;0;0;0;0;0;0;0;0;1;1;0;1;0;1;0;1;1;0;0;1;0;0;1;0;0;0;0;0;1;0;0;0;0;0
Cerf;0;1;0;0;0;0;0;0;0;0;1;0;0;0;0;0;1;0;0;0;0;1;1;0;0;1;0;0;0;1;1;1;0;0;1;0;0;0;1;0;0;0;1;0;0;0;0;0;0
Dauphin;0;1;0;0;0;0;0;0;0;0;0;0;0;0;0;1;0;0;0;0;0;1;0;0;0;1;0;1;1;1;1;1;0;1;1;0;1;0;0;0;0;0;1;0;0;0;0;0;0
Colombe;0;1;0;0;0;0;0;0;0;0;0;0;0;0;0;0;0;0;0;0;0;0;0;1;1;0;1;0;0;0;1;1;0;0;1;1;0;1;0;0;0;0;0;1;0;0;0;0;0
Canard;0;1;0;0;0;0;0;0;0;0;0;0;0;0;1;0;0;0;0;0;0;0;0;1;1;0;1;1;0;0;1;1;0;0;1;0;0;1;0;0;0;0;0;1;0;0;0;0;0
Elephant;0;1;0;0;0;0;0;0;0;1;0;0;0;0;0;0;0;0;0;0;1;1;1;0;0;1;0;0;0;1;1;1;0;0;1;0;0;0;1;0;0;0;1;0;0;0;0;0;0
Flammand rose;0;1;0;0;0;0;0;0;1;0;0;0;0;0;0;1;0;0;0;0;1;0;0;1;1;0;1;0;0;0;1;1;0;0;1;0;0;1;0;0;0;0;0;1;0;0;0;0;0
Puce;0;1;0;0;0;0;1;0;0;0;0;1;0;1;0;0;0;0;0;0;0;0;0;0;1;0;0;0;0;0;0;1;0;0;0;0;0;0;0;0;1;0;0;0;0;0;0;1;0
Grenouille;0;0;0;0;0;0;0;0;0;0;0;0;0;0;1;1;1;1;0;0;0;0;0;0;1;0;0;1;1;1;1;1;0;0;0;0;0;0;1;0;0;0;0;0;0;0;1;0;0
Chauve-souris;0;1;0;0;0;0;0;0;0;0;0;0;0;0;0;0;1;0;0;0;0;0;1;0;0;1;1;0;0;1;1;1;0;0;1;0;0;1;0;0;0;0;1;0;0;0;0;0;0
giraffe;0;1;0;0;0;0;0;0;1;0;0;0;0;0;0;0;0;0;0;0;1;1;1;0;0;1;0;0;0;1;1;1;0;0;1;0;0;0;1;0;0;0;1;0;0;0;0;0;0
Moucheron;0;0;0;0;0;0;0;0;0;0;0;1;0;1;0;0;1;0;0;0;0;0;0;0;1;0;1;0;0;0;0;1;0;0;0;0;0;0;0;0;1;0;0;0;0;0;0;1;0
Gorille;0;1;0;0;0;0;0;0;0;0;0;0;0;0;0;0;0;1;0;0;1;1;1;0;0;1;0;0;0;1;1;1;0;0;0;0;0;0;1;0;0;0;1;0;0;0;0;0;0
Mouette;0;1;0;0;0;0;0;0;0;0;0;0;0;0;0;1;0;0;0;0;0;0;0;1;1;0;1;0;1;0;1;1;0;0;1;0;0;1;0;0;0;0;0;1;0;0;0;0;0
hamster;0;0;0;0;0;0;0;0;0;0;0;1;0;1;0;0;0;0;0;0;0;0;1;0;0;1;0;0;0;1;1;1;0;0;1;1;0;0;1;0;0;0;1;0;0;0;0;0;0
Lièvre;0;0;0;0;0;0;0;0;0;0;0;0;0;0;1;0;1;0;0;0;0;0;1;0;0;1;0;0;0;1;1;1;0;0;1;0;0;0;1;0;0;0;1;0;0;0;0;0;0
Faucon;0;0;0;0;1;0;0;0;0;0;0;0;0;0;0;0;0;0;0;0;0;0;0;1;1;0;1;0;1;0;1;1;0;0;1;0;0;1;0;0;0;0;0;1;0;0;0;0;0
Hareng;0;0;0;0;0;0;0;0;0;0;0;0;0;0;1;1;0;0;0;0;0;0;0;0;1;0;0;1;1;1;1;0;0;1;1;0;1;0;0;0;0;0;0;0;0;1;0;0;0
Abeille;0;1;0;0;0;0;0;0;0;0;0;1;0;1;0;0;1;0;0;0;0;0;1;0;1;0;1;0;0;0;0;1;1;0;0;1;0;0;0;0;1;0;0;0;0;0;0;1;0
Coccinelle;0;0;0;0;0;0;0;0;0;0;0;1;0;1;0;0;1;0;0;0;0;0;0;0;1;0;1;0;1;0;0;1;0;0;0;0;0;0;0;0;1;0;0;0;0;0;0;1;0
Leopard;0;0;0;0;0;0;0;0;0;0;0;0;0;0;0;0;0;0;0;1;1;0;1;0;0;1;0;0;1;1;1;1;0;0;1;0;0;0;1;0;0;0;1;0;0;0;0;0;0
Lion;0;1;0;0;1;0;0;0;0;0;0;0;0;0;0;0;0;0;0;1;1;1;1;0;0;1;0;0;1;1;1;1;0;0;1;0;0;0;1;0;0;0;1;0;0;0;0;0;0
Hommard;0;0;0;0;0;0;0;0;0;0;0;0;0;0;1;1;0;0;0;0;0;0;0;0;1;0;0;1;1;0;0;0;0;0;0;0;0;0;0;0;1;0;0;0;0;0;0;0;1
Lynx;1;0;0;0;1;0;0;0;0;0;0;0;0;0;0;0;0;0;0;1;1;0;1;0;0;1;0;0;1;1;1;1;0;0;1;0;0;0;1;0;0;0;1;0;0;0;0;0;0
Vison;1;0;0;0;0;0;0;0;0;0;0;0;0;0;0;1;0;0;0;0;0;0;1;0;0;1;0;1;1;1;1;1;0;0;1;0;0;0;1;0;0;0;1;0;0;0;0;0;0
Taupe;0;0;0;0;0;0;0;0;0;0;0;0;0;0;0;0;0;0;0;0;0;0;1;0;0;1;0;0;1;1;1;1;0;0;1;0;0;0;1;0;0;0;1;0;0;0;0;0;0
Salamandre;0;0;0;0;0;0;0;0;0;0;0;0;0;0;0;0;0;0;0;0;0;0;0;0;1;0;0;1;1;1;1;1;0;0;1;0;0;0;1;0;0;0;0;0;0;0;1;0;0
Pieuvre;0;0;0;0;0;0;0;0;0;0;0;0;0;0;1;1;0;0;0;0;0;0;0;0;1;0;0;1;1;0;0;0;0;0;0;0;0;0;0;0;0;1;0;0;0;0;0;0;1
frelons;0;1;0;0;0;0;0;0;0;0;0;1;0;0;0;0;0;0;0;0;0;0;1;0;1;0;1;0;1;0;0;1;1;0;0;0;0;0;0;0;1;0;0;0;0;0;0;1;0
Autruche;0;1;0;0;0;0;0;0;1;0;0;0;0;0;0;0;0;0;0;0;1;1;0;1;1;0;0;0;0;0;1;1;0;0;1;0;0;1;0;0;0;0;0;1;0;0;0;0;0
Perruche;0;0;0;0;0;0;0;0;0;0;0;0;0;0;0;0;0;0;0;0;1;0;0;1;1;0;1;0;0;0;1;1;0;0;1;1;0;1;0;0;0;0;0;1;0;0;0;0;0
Pingouin;0;1;0;0;0;0;0;0;0;0;0;0;0;0;0;1;0;0;0;0;0;0;0;1;1;0;0;1;1;0;1;1;0;0;1;0;0;1;0;0;0;0;0;1;0;0;0;0;0
Faisan;0;0;0;0;0;0;0;0;0;0;0;0;0;0;1;0;1;0;0;0;0;0;0;1;1;0;1;0;0;0;1;1;0;0;1;0;0;1;0;0;0;0;0;1;0;0;0;0;0
Piranha;0;1;0;0;0;0;0;0;0;0;0;0;0;0;0;1;0;1;0;0;0;0;0;0;1;0;0;1;1;1;1;0;0;1;1;0;1;0;0;0;0;0;0;0;0;1;0;0;0
Pangolin;0;0;0;0;0;0;0;0;0;0;0;0;0;0;0;0;0;0;0;0;0;0;0;0;0;1;0;0;1;1;1;1;0;0;1;0;0;0;1;0;0;0;1;0;0;0;0;0;0
Ornythorynque;0;0;0;0;0;0;0;0;0;0;0;0;0;0;0;1;0;0;0;0;0;0;1;0;1;1;0;1;1;0;1;1;0;0;1;0;0;0;1;0;0;0;1;0;0;0;0;0;0
Putois;0;0;0;0;0;0;0;0;0;0;0;0;0;0;0;0;1;0;0;0;0;0;1;0;0;1;0;0;1;1;1;1;0;0;1;0;0;0;1;0;0;0;1;0;0;0;0;0;0
Poney;0;1;0;0;0;0;0;0;0;0;0;0;0;0;0;0;0;0;0;0;0;1;1;0;0;1;0;0;0;1;1;1;0;0;1;1;0;0;1;0;0;0;1;0;0;0;0;0;0
Marsouin;0;1;0;0;0;0;0;0;0;0;0;0;0;0;0;1;0;0;0;0;0;0;0;0;0;1;0;1;1;1;1;1;0;1;1;0;1;0;0;0;0;0;1;0;0;0;0;0;0
Puma;0;0;0;0;1;0;0;0;0;0;0;0;0;0;0;0;0;1;0;1;0;0;1;0;0;1;0;0;1;1;1;1;0;0;1;0;0;0;1;0;0;0;1;0;0;0;0;0;0
Chat;0;0;0;0;1;0;0;0;0;0;0;0;0;0;0;0;0;0;0;1;0;0;1;0;0;1;0;0;1;1;1;1;0;0;1;1;0;0;1;0;0;0;1;0;0;0;0;0;0
Raton-laveur;1;0;0;1;0;0;0;0;0;0;0;0;0;0;0;0;1;0;0;0;0;0;1;0;0;1;0;0;1;1;1;1;0;0;1;0;0;0;1;0;0;0;1;0;0;0;0;0;0
Renne;0;1;0;0;0;0;0;0;0;0;1;0;0;0;0;0;0;0;0;0;0;1;1;0;0;1;0;0;0;1;1;1;0;0;1;1;0;0;1;0;0;0;1;0;0;0;0;0;0
Scorpion;0;0;0;0;0;1;0;0;0;0;0;1;0;0;0;0;0;0;0;0;0;0;0;0;0;0;0;0;1;0;0;1;1;0;1;0;0;0;0;0;0;1;0;0;0;0;0;0;1
hippocampe;0;0;0;0;0;0;0;0;0;0;0;1;0;0;0;1;0;0;0;0;0;0;0;0;1;0;0;1;0;1;1;0;0;1;1;0;1;0;0;0;0;0;0;0;0;1;0;0;0
phoque;0;1;0;0;0;0;0;0;0;0;0;0;0;0;0;1;0;0;0;0;0;1;1;0;0;1;0;1;1;1;1;1;0;1;0;0;1;0;0;0;0;0;1;0;0;0;0;0;0
lion de mer;0;1;0;0;0;0;0;0;0;0;0;0;0;0;0;1;0;0;0;0;0;1;1;0;0;1;0;1;1;1;1;1;0;1;1;0;0;1;0;0;0;0;1;0;0;0;0;0;0
requin renard;0;0;0;0;0;0;0;0;0;0;0;0;0;0;0;1;0;0;0;0;0;1;0;0;1;0;0;1;1;1;1;0;0;1;1;0;1;0;0;0;0;0;0;0;0;1;0;0;0
limace;0;0;0;0;0;0;0;0;0;0;0;0;0;1;0;0;1;0;0;0;0;0;0;0;1;0;0;0;0;0;0;1;0;0;0;0;1;0;0;0;0;0;0;0;0;0;0;0;1
etoile de mer;0;0;0;0;0;0;0;0;0;0;0;1;0;0;0;1;0;0;0;0;0;0;0;0;1;0;0;1;1;0;0;0;0;0;0;0;0;0;0;1;0;0;0;0;0;0;0;0;1
cygnes;0;1;0;0;0;0;0;0;1;0;0;0;0;0;0;1;0;0;0;0;0;0;0;1;1;0;1;1;0;0;1;1;0;0;1;0;0;1;0;0;0;0;0;1;0;0;0;0;0
termite;0;1;0;0;0;0;0;0;0;0;0;1;0;1;0;0;1;1;0;0;0;0;0;0;1;0;0;0;0;0;0;1;0;0;0;0;0;0;0;0;1;0;0;0;0;0;0;1;0
Crapaud;0;0;0;0;0;0;0;0;0;0;0;0;0;0;0;1;1;0;0;0;0;0;0;0;1;0;0;1;0;1;1;1;0;0;0;0;0;0;1;0;0;0;0;0;0;0;1;0;0
Phasmes;0;0;0;0;0;0;0;0;0;0;0;1;0;0;0;0;1;1;0;0;0;0;0;0;1;0;0;0;0;0;0;1;0;0;0;0;0;0;0;0;1;0;0;0;0;0;0;0;1
Vautour;0;0;1;0;1;0;0;0;0;0;0;0;0;0;0;0;0;0;0;0;0;0;0;1;1;0;1;0;1;0;1;1;0;0;1;0;0;1;0;0;0;0;0;1;0;0;0;0;0
Wallabi;0;0;0;0;0;0;0;0;0;0;0;0;0;0;0;0;0;0;0;0;0;0;1;0;0;1;0;0;0;1;1;1;0;0;1;0;0;1;0;0;0;0;1;0;0;0;0;0;0
Guepe;0;1;0;0;0;0;0;0;0;0;0;1;0;1;0;0;1;0;0;0;0;0;1;0;1;0;1;0;0;0;0;1;1;0;0;0;0;0;0;0;1;0;0;0;0;0;0;1;0
loup;1;1;0;0;0;0;0;0;0;0;0;0;0;0;0;0;1;0;1;0;0;0;1;0;0;1;0;0;1;1;1;1;0;0;1;0;0;0;1;0;0;0;1;0;0;0;0;0;0
ver de terre;0;0;0;0;0;0;0;0;0;0;0;1;0;1;0;0;1;0;0;0;0;0;0;0;1;0;0;0;0;0;0;1;0;0;0;0;1;0;0;0;0;0;0;0;0;0;0;0;1
tortue;0;0;0;0;0;0;0;0;0;0;0;0;0;0;0;1;0;0;0;0;0;0;0;0;1;0;0;1;0;0;1;1;0;0;1;1;0;0;1;0;0;0;0;0;1;0;0;0;0
cameleon;0;0;0;0;0;0;0;0;0;0;0;0;0;0;0;0;0;1;0;0;0;0;0;0;1;0;0;0;0;1;1;1;0;0;1;1;0;0;1;0;0;0;0;0;1;0;0;0;0
iguane;0;0;0;0;0;0;0;0;0;0;0;0;0;0;0;0;0;1;0;0;0;0;0;0;1;0;0;0;1;1;1;1;0;0;1;1;0;0;1;0;0;0;0;0;1;0;0;0;0
lezard;0;0;0;0;0;0;0;0;0;0;0;0;0;0;0;0;1;1;0;0;0;0;0;0;1;0;0;0;1;1;1;1;0;0;1;0;0;0;1;0;0;0;0;0;1;0;0;0;0
gecko;0;0;0;0;0;0;0;0;0;0;0;1;0;0;0;0;0;0;0;0;0;0;0;0;1;0;0;0;0;1;1;1;0;0;1;1;0;0;1;0;0;0;0;0;1;0;0;0;0
poisson globe;0;0;0;0;0;0;0;0;0;0;0;0;0;0;0;1;0;0;0;0;0;0;0;0;1;0;0;1;0;1;1;0;1;1;1;0;1;0;0;0;0;0;0;0;0;1;0;0;0
raie manta;0;0;0;0;0;0;0;0;0;0;0;0;0;0;0;1;0;0;0;0;0;1;0;0;1;0;0;1;1;1;1;0;1;1;1;0;1;0;0;0;0;0;0;0;0;1;0;0;0
caiman;0;1;0;0;0;0;0;0;0;0;0;0;0;0;0;0;0;1;0;0;0;1;0;0;1;0;0;1;1;1;1;1;0;0;1;0;0;0;1;0;0;0;0;0;1;0;0;0;0
crocodile;0;1;0;0;0;0;0;0;0;0;0;0;0;0;0;0;0;1;0;0;1;1;0;0;1;0;0;1;1;1;1;1;0;0;1;0;0;0;1;0;0;0;0;0;1;0;0;0;0
anchois;0;1;0;0;0;0;0;0;0;0;0;1;0;0;1;1;0;0;0;0;0;0;0;0;1;0;0;1;0;0;1;0;0;1;1;0;1;0;0;0;0;0;0;0;0;1;0;0;0
maquereau;0;1;0;0;0;0;0;0;0;0;0;0;0;0;0;1;0;0;0;0;0;0;0;0;1;0;0;1;0;0;1;0;0;1;1;0;1;0;0;0;0;0;0;0;0;1;0;0;0
barracuda;0;0;0;0;0;0;0;0;0;0;0;0;0;0;0;1;0;1;0;0;0;0;0;0;1;0;0;1;1;1;1;0;0;1;1;0;1;0;0;0;0;0;0;0;0;1;0;0;0
truite;0;1;0;0;0;0;0;0;0;0;0;0;0;0;1;1;0;0;0;0;0;0;0;0;1;0;0;1;0;0;1;0;0;1;1;0;1;0;0;0;0;0;0;0;0;1;0;0;0
Phacochère;0;0;0;0;0;0;0;0;0;1;0;0;0;0;0;0;0;0;0;0;1;0;1;0;0;1;0;0;0;1;1;1;0;0;1;0;0;0;1;0;0;0;1;0;0;0;0;0;0
paon;0;0;0;0;0;0;0;0;0;0;0;0;0;0;0;0;0;0;0;0;0;0;0;1;1;0;1;0;0;0;1;1;0;0;1;0;0;1;0;0;0;0;0;1;0;0;0;0;0
moustique;0;0;0;0;0;0;1;0;0;0;0;1;0;1;0;1;1;1;0;0;1;0;0;0;1;0;1;0;0;0;0;1;0;0;0;0;0;0;0;0;1;0;0;0;0;0;0;1;0
cricket;0;0;0;0;0;0;0;0;0;0;0;1;0;0;0;0;1;0;0;0;0;0;0;0;1;0;0;0;0;0;0;1;0;0;0;0;0;0;0;0;1;0;0;0;0;0;0;1;0
coleoptere;0;0;0;0;0;0;0;0;0;0;0;1;0;0;0;0;1;1;0;0;0;0;0;0;1;0;1;0;0;0;0;1;0;0;0;0;0;0;0;0;1;0;0;0;0;0;0;1;0
cafard;0;0;0;0;0;0;0;0;0;0;0;1;0;1;0;0;0;0;0;0;0;0;0;0;1;0;0;0;0;0;0;1;0;0;0;0;0;0;0;0;1;0;0;0;0;0;0;1;0
mante religieuse;0;0;0;0;0;0;0;0;0;0;0;1;0;0;0;0;1;1;0;0;0;0;0;0;1;0;0;0;1;0;0;1;0;0;0;0;0;0;0;0;1;0;0;0;0;0;0;1;0
Paresseux;0;0;0;0;1;0;0;0;0;0;0;0;0;0;0;0;0;1;0;0;0;0;1;0;0;1;0;0;0;1;1;1;0;0;1;0;0;0;1;0;0;0;1;0;0;0;0;0;0
Araignée;0;0;0;0;0;0;0;0;0;0;0;1;0;1;0;0;1;1;0;0;0;0;0;0;1;0;0;0;1;1;0;1;1;0;0;0;0;0;0;0;0;1;0;0;0;0;0;0;1
Meduse;0;0;0;0;0;0;0;0;0;0;0;0;0;0;0;1;0;0;0;0;0;0;0;0;1;0;0;1;0;0;0;0;1;0;0;0;1;0;0;0;0;0;0;0;0;0;0;0;1
Calamars;0;0;0;0;0;0;0;0;0;0;0;0;0;0;1;1;0;0;0;0;0;0;0;0;1;0;0;1;0;0;0;0;0;0;0;0;1;0;0;0;0;0;0;0;0;0;0;0;1
Escargot;0;0;0;0;0;0;0;0;0;0;0;1;0;1;1;0;1;0;0;0;0;0;0;0;1;0;0;0;0;0;0;1;0;0;0;0;1;0;0;0;0;0;0;0;0;0;0;0;1
papillon;0;0;0;0;0;0;0;0;0;0;0;1;0;1;0;0;1;1;0;0;0;0;1;0;1;0;1;0;0;0;0;1;0;0;0;0;0;0;0;0;1;0;0;0;0;0;0;1;0
tapir;0;0;0;0;0;0;0;0;0;0;0;0;0;0;0;0;0;0;0;0;1;1;1;0;0;1;0;0;0;1;1;1;0;0;0;0;0;0;1;0;0;0;1;0;0;0;0;0;0
loutre;0;0;0;0;0;0;0;0;0;0;0;0;0;0;0;1;0;0;0;0;0;0;1;0;0;1;0;1;1;1;1;1;0;1;1;0;0;0;1;0;0;0;1;0;0;0;0;0;0
chimpanze;0;1;0;0;0;0;0;0;0;0;0;0;0;0;0;0;0;1;0;0;1;0;1;0;0;1;0;0;1;1;1;1;0;0;1;0;0;0;1;0;0;0;1;0;0;0;0;0;0
jaguar;0;0;0;0;0;0;0;0;0;0;0;0;0;0;0;0;0;1;0;1;0;0;1;0;0;1;0;0;1;1;1;1;0;0;1;0;0;0;1;0;0;0;1;0;0;0;0;0;0
orang outan;0;1;0;0;0;0;0;0;0;0;0;0;0;0;0;0;0;1;0;0;1;0;1;0;0;1;0;0;0;1;1;1;0;0;1;0;0;0;1;0;0;0;1;0;0;0;0;0;0
lamantin;0;0;0;0;0;0;0;0;0;0;0;0;0;0;0;1;0;0;0;0;0;1;1;0;0;1;0;1;0;1;1;1;0;1;1;0;0;1;0;0;0;0;1;0;0;0;0;0;0
fourmilier;0;0;0;0;0;0;0;0;0;0;0;0;0;0;0;0;0;1;0;0;1;0;1;0;0;1;0;0;1;0;1;1;0;0;1;0;0;0;1;0;0;0;1;0;0;0;0;0;0
buse;0;0;0;0;1;0;0;0;0;0;0;0;0;0;0;0;0;0;0;0;0;0;0;1;1;0;1;0;1;0;1;1;0;0;1;0;0;1;0;0;0;0;0;1;0;0;0;0;0
Moineau;0;0;0;0;0;0;0;0;0;0;0;1;0;1;0;0;0;0;0;0;0;0;0;1;1;0;1;0;0;0;1;1;0;0;1;0;0;1;0;0;0;0;0;1;0;0;0;0;0
Pigeon;0;0;0;0;0;0;0;0;0;0;0;0;0;1;1;0;0;0;0;0;0;0;0;1;1;0;1;0;0;0;1;1;0;0;1;0;0;1;0;0;0;0;0;1;0;0;0;0;0
Perroquet;0;0;0;0;0;0;0;0;0;0;0;0;0;0;0;0;0;1;0;0;0;0;0;1;1;0;1;0;0;0;1;1;0;0;1;1;0;1;0;0;0;0;0;1;0;0;0;0;0
Hibou;0;0;0;0;0;0;0;1;0;0;0;0;0;0;0;0;1;0;0;0;0;0;0;1;1;0;1;0;0;0;1;1;0;0;1;0;0;1;0;0;0;0;0;1;0;0;0;0;0
Chouette;0;0;0;0;0;0;0;1;0;0;0;0;0;0;0;0;0;0;0;0;0;0;0;1;1;0;1;0;0;0;1;1;0;0;1;0;0;1;0;0;0;0;0;1;0;0;0;0;0
Colibri;0;0;0;0;0;0;0;0;0;0;0;1;0;0;0;0;0;0;0;0;0;0;0;1;1;0;1;0;0;0;1;1;0;0;1;0;0;1;0;0;0;0;0;1;0;0;0;0;0
Aigle;0;0;0;0;1;0;0;0;0;0;0;0;0;0;0;0;0;0;0;0;0;0;0;1;1;0;1;0;1;0;1;1;0;0;1;0;0;1;0;0;0;0;0;1;0;0;0;0;0
Toucan;0;0;0;0;0;0;0;0;0;0;0;0;0;0;0;0;0;1;0;0;0;0;0;1;1;0;1;0;0;0;1;1;0;0;1;0;0;1;0;0;0;0;0;1;0;0;0;0;0
Goéland;0;0;0;0;0;0;0;0;0;0;0;0;0;0;0;1;0;0;0;0;0;0;0;1;1;0;1;1;0;0;1;1;0;0;1;0;0;1;0;0;0;0;0;1;0;0;0;0;0
Chacal;0;0;0;0;0;0;0;0;0;0;0;0;0;0;0;0;0;0;1;0;1;0;1;0;0;1;0;0;1;1;1;1;0;0;1;0;0;0;1;0;0;0;1;0;0;0;0;0;0
Fennec;0;0;0;0;0;1;0;0;0;0;0;0;0;0;0;0;0;0;1;0;0;0;1;0;0;1;0;0;1;1;1;1;0;0;1;0;0;0;1;0;0;0;1;0;0;0;0;0;0
Hyène;0;1;1;0;0;0;0;0;0;0;0;0;0;0;0;0;0;0;0;1;1;0;1;0;0;1;0;0;1;1;1;1;0;0;1;0;0;0;1;0;0;0;1;0;0;0;0;0;0
Renard;0;0;0;0;0;0;0;0;0;0;0;0;0;0;0;0;1;0;1;0;0;0;1;0;0;1;0;0;1;1;1;1;0;0;1;0;0;0;1;0;0;0;1;0;0;0;0;0;0
Écureuil;0;0;0;0;0;0;0;0;0;0;0;0;0;0;0;0;1;0;0;0;0;0;1;0;0;1;0;0;0;1;1;1;0;0;1;0;0;0;1;0;0;0;1;0;0;0;0;0;0
Blaireau;0;0;0;0;0;0;0;0;0;0;0;0;0;0;0;0;1;0;0;0;0;0;1;0;0;1;0;0;1;1;1;1;0;0;1;0;0;0;1;0;0;0;1;0;0;0;0;0;0
Alpaga;0;1;0;0;0;0;0;0;0;0;0;0;0;0;0;0;0;0;0;0;0;0;1;0;0;1;0;0;0;1;1;1;0;0;1;1;0;0;1;0;0;0;1;0;0;0;0;0;0
Âne;0;0;0;0;0;0;0;0;0;0;0;0;0;0;0;0;0;0;0;0;0;1;1;0;0;1;0;0;0;1;1;1;0;0;1;1;0;0;1;0;0;0;1;0;0;0;0;0;0
Cachalot;0;0;0;0;0;0;0;0;0;0;0;0;0;0;0;1;0;0;0;0;0;1;0;0;0;1;0;1;1;1;1;0;0;1;1;0;1;0;0;0;0;0;1;0;0;0;0;0;0
Castor;0;1;0;0;0;0;0;0;0;0;0;0;0;0;0;1;0;0;0;0;0;0;1;0;0;1;0;1;0;1;1;1;0;0;1;0;0;0;1;0;0;0;1;0;0;0;0;0;0
Chameau;0;1;0;0;0;1;0;0;0;0;0;0;0;0;0;0;0;0;0;0;0;1;1;0;0;1;0;0;0;1;1;1;0;0;1;1;0;0;1;0;0;0;1;0;0;0;0;0;0
Dromadaire;0;1;0;0;0;1;0;0;0;0;0;0;0;0;0;0;0;0;0;0;0;1;1;0;0;1;0;0;0;1;1;1;0;0;1;0;0;0;1;0;0;0;1;0;0;0;0;0;0
Cochon   ;0;0;0;0;0;0;0;0;0;0;0;0;0;0;1;0;0;0;0;0;0;1;0;0;0;1;0;0;0;1;1;1;0;0;1;1;0;0;1;0;0;0;1;0;0;0;0;0;0
Hérisson;0;0;0;0;0;0;0;0;0;0;0;1;0;0;0;0;1;0;0;0;0;0;1;0;0;1;0;0;1;1;1;1;0;0;1;0;0;0;1;0;0;0;1;0;0;0;0;0;0
Kangourou;0;1;0;0;0;0;0;0;0;0;0;1;0;0;0;0;0;0;0;0;0;0;1;0;0;1;0;0;0;1;1;0;0;0;1;0;0;0;1;0;0;0;1;0;0;0;0;0;0
Mouton;0;1;0;0;0;0;0;0;0;0;0;0;0;0;1;0;0;0;0;0;0;0;1;0;0;0;0;0;0;1;1;1;0;0;1;1;0;0;1;0;0;0;1;0;0;0;0;0;0
Narval;0;0;0;0;0;0;0;0;0;1;0;0;0;0;0;1;0;0;0;0;0;1;0;0;0;1;0;1;1;1;1;1;0;1;1;0;1;0;0;0;0;0;1;0;0;0;0;0;0
Okapi;0;0;0;0;0;0;0;0;0;0;0;0;0;0;0;0;0;0;0;0;0;1;1;0;0;1;0;0;0;1;1;1;0;0;1;0;0;0;1;0;0;0;1;0;0;0;0;0;0
